online.de;imap.1und1.de;993
1031.inord.dk;mail.telenor.dk;143
123mail.dk;mail.telenor.dk;143
126.com;imap.126.com;993
12fuel.dk;mail.telenor.dk;143
12mail.dk;mail.telenor.dk;143
12move.dk;mail.telenor.dk;143
163.com;imap.163.com;993
1and1.co.uk;imap.1und1.de;993
1and1.com;imap.1und1.de;993
1and1.de;imap.1und1.de;993
1and1.es;imap.1und1.de;993
1and1.fr;imap.1und1.de;993
1blu.de;imap.1blu.de;993
1und1.de;imap.1und1.de;993
2die4.com;imap.mail.com;993
2senior.dk;mail.telenor.dk;143
a1.net;securemail.a1.net;993
abc.plala.or.jp;abc.mail.plala.or.jp;110
accountant.com;imap.mail.com;993
active24.com;email.active24.com;993
activist.com;imap.mail.com;993
adexec.com;imap.mail.com;993
africamail.com;imap.mail.com;993
agate.plala.or.jp;agate.mail.plala.or.jp;110
aim.com;imap.aim.com;993
aim.com;imap.aol.com;993
aircraftmail.com;imap.mail.com;993
alabama.usa.com;imap.mail.com;993
alaska.usa.com;imap.mail.com;993
alice-dsl.de;mail.o2mail.de;993
alice-dsl.net;mail.o2mail.de;993
alice.de;imap.alice.de;993
alice.it;in.alice.it;143
allergist.com;imap.mail.com;993
alumni.com;imap.mail.com;993
alumnidirector.com;imap.mail.com;993
amber.plala.or.jp;amber.mail.plala.or.jp;110
americamail.com;imap.mail.com;993
ameritech.net;inbound.att.net;995
amethyst.broba.cc;mail.broba.cc;110
amorki.pl;pop3.poczta.onet.pl;995
amorous.com;imap.mail.com;993
anarki.dk;mail.telenor.dk;143
anderledes.dk;mail.telenor.dk;143
angelic.com;imap.mail.com;993
aol.com;imap.aol.com;993
aol.com;imap.de.aol.com;993
aol.de;imap.aim.com;993
aon.at;securemail.a1.net;993
aqua.plala.or.jp;aqua.mail.plala.or.jp;110
archaeologist.com;imap.mail.com;993
arcor.de;imap.arcor.de;993
arcormail.de;imap.arcor.de;993
arizona.usa.com;imap.mail.com;993
artlover.com;imap.mail.com;993
arubapec.it;imaps.pec.aruba.it;993
asia-mail.com;imap.mail.com;993
atheist.com;imap.mail.com;993
att.net;inbound.att.net;995
australiamail.com;imap.mail.com;993
autograf.pl;pop3.poczta.onet.pl;995
ballade.plala.or.jp;ballade.mail.plala.or.jp;110
bartender.net;imap.mail.com;993
bay.gunmanet.ne.jp;bay.wind.ne.jp;110
bay.gunmanet.or.jp;bay.wind.ne.jp;110
bay.wind.co.jp;bay.wind.ne.jp;110
bay.wind.jp;bay.wind.ne.jp;110
bay.wind.ne.jp;bay.wind.ne.jp;110
bb-niigata.jp;pop.bb-niigata.jp;110
begavet.dk;mail.telenor.dk;143
beige.plala.or.jp;beige.mail.plala.or.jp;110
belgacom.net;imap.proximus.be;993
bell.net;imap.bell.net;993
bellsouth.net;inbound.att.net;995
berlin.com;imap.mail.com;993
berlin.de;pop3.berlin.de;993
bigger.com;imap.mail.com;993
biglobe.ne.jp;mail.biglobe.ne.jp;110
bigpond.com;mail.bigpond.com;995
bigpond.net.au;mail.bigpond.com;995
bigpond.net;mail.bigpond.com;995
bikerider.com;imap.mail.com;993
birdlover.com;imap.mail.com;993
bitnisse.dk;mail.telenor.dk;143
bk.ru;imap.mail.ru;993
blader.com;imap.mail.com;993
blu.it;imapmail.libero.it;143
blue.plala.or.jp;blue.mail.plala.or.jp;110
bluemail.ch;imaps.bluewin.ch;993
bluewin.ch;imaps.bluewin.ch;993
boardermail.com;imap.mail.com;993
bpost.plala.or.jp;bpost.mail.plala.or.jp;110
brazilmail.com;imap.mail.com;993
brew-master.com;imap.mail.com;993
brown.plala.or.jp;brown.mail.plala.or.jp;110
btinternet.com;mail.btinternet.com;993
btopenworld.com;mail.btinternet.com;993
buziaczek.pl;pop3.poczta.onet.pl;995
california.usa.com;imap.mail.com;993
californiamail.com;imap.mail.com;993
cameo.plala.or.jp;cameo.mail.plala.or.jp;110
caress.com;imap.mail.com;993
casema.nl;pop.ziggo.nl;110
catlover.com;imap.mail.com;993
cc9.ne.jp;pop.cc9.ne.jp;110
cek.ne.jp;mail.cek.ne.jp;110
centurylink.net;pop.centurylink.net;995
centurytel.net;pop.centurytel.net;995
cgl.ucsf.edu;plato.cgl.ucsf.edu;993
charter.com;mobile.charter.net;993
charter.net;mobile.charter.net;993
cheerful.com;imap.mail.com;993
chef.net;imap.mail.com;993
chello.at;mail.upcmail.at;993
chello.nl;pop3.upcmail.nl;110
chemist.com;imap.mail.com;993
chinamail.com;imap.mail.com;993
city.dk;mail.telenor.dk;143
cityweb.de;mail.cityweb.de;993
clds.net;pop.centurytel.net;995
clerk.com;imap.mail.com;993
cliffhanger.com;imap.mail.com;993
clio.ne.jp;mail.clio.ne.jp;110
club-internet.fr;imap.sfr.fr;993
cmail.plala.or.jp;cmail.mail.plala.or.jp;110
cneweb.de;mx.versatel.de;143
co1.wind.jp;co1.wind.ne.jp;110
co1.wind.ne.jp;co1.wind.ne.jp;110
co2.wind.jp;co2.wind.ne.jp;110
co2.wind.ne.jp;co2.wind.ne.jp;110
co3.wind.jp;co3.wind.ne.jp;110
co3.wind.ne.jp;co3.wind.ne.jp;110
coastalnow.net;pop.centurytel.net;995
cochill.net;pop.centurytel.net;995
cocoa.plala.or.jp;cocoa.mail.plala.or.jp;110
coda.plala.or.jp;coda.mail.plala.or.jp;110
collector.org;imap.mail.com;993
columnist.com;imap.mail.com;993
comcast.net;imap.comcast.net;993
comic.com;imap.mail.com;993
computer4u.com;imap.mail.com;993
consultant.com;imap.mail.com;993
contractor.net;imap.mail.com;993
cool.dk;mail.telenor.dk;143
coolsite.net;imap.mail.com;993
coral.broba.ccv;mail.broba.cc;110
corp.mail.ru;imap.mail.ru;993
counsellor.com;imap.mail.com;993
count.com;imap.mail.com;993
couple.com;imap.mail.com;993
courante.plala.or.jp;courante.mail.plala.or.jp;110
cpost.plala.or.jp;cpost.mail.plala.or.jp;110
cream.plala.or.jp;cream.mail.plala.or.jp;110
cswnet.com;pop.centurytel.net;995
cty-net.com;pops.cty-net.ne.jp;995
cty-net.ne.jp;pops.cty-net.ne.jp;995
cutey.com;imap.mail.com;993
cyber-wizard.com;imap.mail.com;993
cyberdude.com;imap.mail.com;993
cyberdude.dk;mail.telenor.dk;143
cybergal.com;imap.mail.com;993
cyberjunkie.dk;mail.telenor.dk;143
dallasmail.com;imap.mail.com;993
dan.gunmanet.ne.jp;dan.wind.ne.jp;110
dan.gunmanet.or.jp;dan.wind.ne.jp;110
dan.wind.co.jp;dan.wind.ne.jp;110
dan.wind.jp;dan.wind.ne.jp;110
dan.wind.ne.jp;dan.wind.ne.jp;110
dance.plala.or.jp;dance.mail.plala.or.jp;110
dbzmail.com;imap.mail.com;993
deliveryman.com;imap.mail.com;993
diamond.broba.cc;mail.broba.cc;110
diplomats.com;imap.mail.com;993
directbox.com;imap.directbox.com;993
disciples.com;imap.mail.com;993
dk-online.dk;mail.telenor.dk;143
dk2net.dk;mail.telenor.dk;143
dmail.plala.or.jp;dmail.mail.plala.or.jp;110
doctor.com;imap.mail.com;993
doglover.com;imap.mail.com;993
doramail.com;imap.mail.com;993
dr.com;imap.mail.com;993
dublin.com;imap.mail.com;993
e23.jp;mbox.iijmio-mail.jp;110
earthling.net;imap.mail.com;993
earthlink.net;imap.earthlink.net;143
ebony.plala.or.jp;ebony.mail.plala.or.jp;110
eclipso;mail.eclipso.de;993
elinstallatoer.dk;mail.telenor.dk;143
elpasotel.net;pop3.elpasotel.net;995
elsker.dk;mail.telenor.dk;143
elvis.dk;mail.telenor.dk;143
elvisfan.com;imap.mail.com;993
emadisonriver.com;pop.centurytel.net;995
emadisonriver.net;pop.centurytel.net;995
email.com;imap.mail.com;993
email.cz;imap.seznam.cz;993
email.de;imap.web.de;993
email.dk;mail.telenor.dk;143
email.it;imapmail.email.it;993
email.plala.or.jp;email.mail.plala.or.jp;110
emailsrvr.com;secure.emailsrvr.com;993
embarqmail.com;pop.centurylink.net;995
engineer.com;imap.mail.com;993
englandmail.com;imap.mail.com;993
epost.de;mail.epost.de;993
europe.com;imap.mail.com;993
europemail.com;imap.mail.com;993
ewe.net;pop.ewe.net;995
ewetel.de;pop.ewe.net;995
ewetel.de;pop3s-1.ewetel.net;995
ewetel.net;pop3s-1.ewetel.net;995
execs.com;imap.mail.com;993
exmail.de;imap.web.de;993
fald.dk;mail.telenor.dk;143
fan.com;imap.mail.com;993
fantasy.plala.or.jp;fantasy.mail.plala.or.jp;110
fedt.dk;mail.telenor.dk;143
feelings.com;imap.mail.com;993
feminin.dk;mail.telenor.dk;143
film.dk;mail.telenor.dk;143
financier.com;imap.mail.com;993
firemail.de;firemail.de;143
fireman.net;imap.mail.com;993
flash.net;inbound.att.net;995
florida.usa.com;imap.mail.com;993
fmail.plala.or.jp;fmail.mail.plala.or.jp;110
foni.net;mx.versatel.de;143
footballer.com;imap.mail.com;993
forening.dk;mail.telenor.dk;143
fps-ingolstadt.de;imap.fps-ingolstadt.de;993
freakmail.de;imap.web.de;993
free.fr;imap.free.fr;993
freenet.de;mx.freenet.de;993
freesurf.ch;imap.sunrise.ch;993
gadefejer.dk;mail.telenor.dk;143
gallatinriver.net;pop.centurytel.net;995
gandi.net;mail.gandi.net;993
gardener.com;imap.mail.com;993
garnet.broba.cc;mail.broba.cc;110
gason.dk;mail.telenor.dk;143
gelsennet.de;mx.versatel.de;143
genion.de;imap.o2mail.de;993
geologist.com;imap.mail.com;993
germanymail.com;imap.mail.com;993
gigahost.dk;mail.gigahost.dk;993
gigapec.it;imaps.pec.aruba.it;993
gmail.com;imap.gmail.com;993
gmail.com;imap.googlemail.com;993
gmail.plala.or.jp;gmail.mail.plala.or.jp;110
gmx.at;imap.gmx.net;993
gmx.biz;imap.gmx.net;993
gmx.ca;imap.gmx.com;993
gmx.ch;imap.gmx.net;993
gmx.cn;imap.gmx.com;993
gmx.co.in;imap.gmx.com;993
gmx.co.uk;imap.gmx.com;993
gmx.com.br;imap.gmx.com;993
gmx.com.my;imap.gmx.com;993
gmx.com.tr;imap.gmx.com;993
gmx.com;imap.gmx.com;993
gmx.de;imap.gmx.net;993
gmx.es;imap.gmx.com;993
gmx.eu;imap.gmx.net;993
gmx.fr;imap.gmx.com;993
gmx.hk;imap.gmx.com;993
gmx.ie;imap.gmx.com;993
gmx.info;imap.gmx.net;993
gmx.it;imap.gmx.com;993
gmx.li;imap.gmx.com;993
gmx.net;imap.gmx.net;993
gmx.org;imap.gmx.net;993
gmx.ph;imap.gmx.com;993
gmx.pt;imap.gmx.com;993
gmx.ru;imap.gmx.com;993
gmx.se;imap.gmx.com;993
gmx.sg;imap.gmx.com;993
gmx.tm;imap.gmx.com;993
gmx.tw;imap.gmx.com;993
gmx.us;imap.gmx.com;993
go2.pl;poczta.o2.pl;995
go4more.de;imap.1und1.de;993
goneo.de;imap.goneo.de;993
goo.jp;pop.mail.goo.ne.jp;110
google.com;imap.gmail.com;993
google.com;imap.googlemail.com;993
googlemail.com;imap.gmail.com;993
googlemail.com;imap.googlemail.com;993
graduate.org;imap.mail.com;993
gransy.com;imap.gransy.com;993
grape.plala.or.jp;grape.mail.plala.or.jp;110
graphic-designer.com;imap.mail.com;993
grics.net;pop.centurytel.net;995
grin.dk;mail.telenor.dk;143
grov.dk;mail.telenor.dk;143
gulftel.com;pop.centurytel.net;995
hackermail.com;imap.mail.com;993
hairdresser.net;imap.mail.com;993
hal.ne.jp;mail.hal.ne.jp;110
hamburg.de;mail2.hamburg.de;993
hana.or.jp;mail.hana.or.jp;110
hanse.net;imap.o2mail.de;993
hardworking.dk;mail.telenor.dk;143
heaven.dk;mail.telenor.dk;143
hemmelig.dk;mail.telenor.dk;143
hilarious.com;imap.mail.com;993
hispeed.ch;imap.hispeed.ch;993
hockeymail.com;imap.mail.com;993
home.nl;pop.ziggo.nl;110
homemail.com;imap.mail.com;993
hot-shot.com;imap.mail.com;993
hotmail.co.jp;imap-mail.outlook.com;993
hotmail.co.uk;imap-mail.outlook.com;993
hotmail.com.br;imap-mail.outlook.com;993
hotmail.com;imap-mail.outlook.com;993
hotmail.de;imap-mail.outlook.com;993
hotmail.es;imap-mail.outlook.com;993
hotmail.fr;imap-mail.outlook.com;993
hotmail.it;imap-mail.outlook.com;993
hour.com;imap.mail.com;993
htp-tel.de;mail.htp-tel.de ;993
huleboer.dk;mail.telenor.dk;143
humanoid.net;imap.mail.com;993
iijmio-mail.jp;mbox.iijmio-mail.jp;110
iiyama-catv.ne.jp;mail.iiyama-catv.ne.jp;110
illinois.usa.com;imap.mail.com;993
image.dk;mail.telenor.dk;143
imail.plala.or.jp;imail.mail.plala.or.jp;110
iname.com;imap.mail.com;993
inbound.dk;mail.telenor.dk;143
inbox.lt;mail.inbox.lt;995
inbox.lv;mail.inbox.lv;995
inbox.ru;imap.mail.ru;993
indbakke.dk;mail.telenor.dk;143
indigo.plala.or.jp;indigo.mail.plala.or.jp;110
infile.dk;mail.telenor.dk;143
info.dk;mail.telenor.dk;143
ingpec.eu;imaps.pec.aruba.it;993
innocent.com;imap.mail.com;993
inode.at;mail.inode.at;993
inorbit.com;imap.mail.com;993
instruction.com;imap.mail.com;993
instructor.net;imap.mail.com;993
insurer.com;imap.mail.com;993
internetserver.cz;imap.gransy.com;993
inwind.it;imapmail.libero.it;143
io.dk;mail.telenor.dk;143
iol.it;imapmail.libero.it;143
irelandmail.com;imap.mail.com;993
ispgateway.de;sslmailpool.ispgateway.de;993
it.dk;mail.telenor.dk;143
italymail.com;imap.mail.com;993
ivory.plala.or.jp;ivory.mail.plala.or.jp;110
iwafune.ne.jp;po.iwafune.ne.jp;110
ix.netcom.com;imap.earthlink.net;143
jade.plala.or.jp;jade.mail.plala.or.jp;110
japan.com;imap.mail.com;993
jazztel.es;imap.gmail.com;993
jazztel.es;imap.googlemail.com;993
jet.ne.jp;pop.jet.ne.jp;110
ji.jet.ne.jp;pop02.jet.ne.jp;110
jmail.plala.or.jp;jmail.mail.plala.or.jp;110
journalist.com;imap.mail.com;993
jyde.dk;mail.telenor.dk;143
k1.gunmanet.ne.jp;kl.wind.ne.jp;110
k1.gunmanet.or.jp;kl.wind.ne.jp;110
k1.wind.jp;kl.wind.ne.jp;110
kabelbw.de;imap.kabelbw.de;993
kabelmail.de;pop3.kabelmail.de;995
kabelmail;imap.kabelmail.de;993
kelcom.net;pop1.kelcom.net;110
keromail.com;imap.mail.com;993
khaki.plala.or.jp;khaki.mail.plala.or.jp;110
kidcity.be;imap.proximus.be;993
kittymail.com;imap.mail.com;993
kl.gunmanet.ne.jp;kl.wind.ne.jp;110
kl.gunmanet.or.jp;kl.wind.ne.jp;110
kl.wind.jp;kl.wind.ne.jp;110
klog.dk;mail.telenor.dk;143
kmail.plala.or.jp;kmail.mail.plala.or.jp;110
knus.dk;mail.telenor.dk;143
koreamail.com;imap.mail.com;993
krudt.dk;mail.telenor.dk;143
kulturel.dk;mail.telenor.dk;143
kundenserver.de;imap.1und1.de;993
lapis.plala.or.jp;lapis.mail.plala.or.jp;110
laposte.net;imap.laposte.net;993
larsen.dk;mail.telenor.dk;143
lawyer.com;imap.mail.com;993
lazy.dk;mail.telenor.dk;143
legislator.com;imap.mail.com;993
lemon.plala.or.jp;lemon.mail.plala.or.jp;110
libero.it;imapmail.libero.it;143
lilac.plala.or.jp;lilac.mail.plala.or.jp;110
lime.plala.or.jp;lime.mail.plala.or.jp;110
linuxmail.org;imap.mail.com;993
list.ru;imap.mail.ru;993
live.at;imap-mail.outlook.com;993
live.co.jp;imap-mail.outlook.com;993
live.co.uk;imap-mail.outlook.com;993
live.com;imap-mail.outlook.com;993
live.de;imap-mail.outlook.com;993
live.fr;imap-mail.outlook.com;993
live.it;imap-mail.outlook.com;993
live.jp;imap-mail.outlook.com;993
live.nl;imap-mail.outlook.com;993
london.com;imap.mail.com;993
loop.de;imap.o2mail.de;993
loveable.com;imap.mail.com;993
lovecat.com;imap.mail.com;993
lycos;imap.lycos.com;993
lystig.dk;mail.telenor.dk;143
m3.cty-net.ne.jp;pops.cty-net.ne.jp;995
m6.cty-net.ne.jp;pops.cty-net.ne.jp;995
mac.com;imap.mail.me.com;993
mad.scientist.com;imap.mail.com;993
madisonriver.biz;pop.centurytel.net;995
madonnafan.com;imap.mail.com;993
madrid.com;imap.mail.com;993
mahoroba.ne.jp;mail.mahoroba.ne.jp;110
mail.com;imap.mail.com;993
mail.de;imap.mail.de;993
mail.dia.dk;mail.telenor.dk;143
mail.dk;pop3.mail.dk;110
mail.gunmanet.jp;mail.wind.ne.jp;110
mail.gunmanet.ne.jp;mail.wind.ne.jp;110
mail.gunmanet.or.jp;mail.wind.ne.jp;110
mail.iwafune.ne.jp;mail.iwafune.ne.jp;110
mail.org;imap.mail.com;993
mail.ru;imap.mail.ru;993
mail.telenor.dk;mail.telenor.dk;143
mail.wind.co.jp;mail.wind.ne.jp;110
mail.wind.jp;mail.wind.ne.jp;110
mail.wind.ne.jp;mail.wind.ne.jp;110
marchmail.com;imap.mail.com;993
maskulin.dk;mail.telenor.dk;143
me.com;imap.mail.me.com;993
mebtel.net;pop.centurytel.net;995
mexicomail.com;imap.mail.com;993
min-postkasse.dk;mail.telenor.dk;143
mindless.com;imap.mail.com;993
mindspring.com;imap.earthlink.net;143
minister.com;imap.mail.com;993
minuet.plala.or.jp;minuet.mail.plala.or.jp;110
miobox.jp;mbox.iijmio-mail.jp;110
miomio.jp;mbox.iijmio-mail.jp;110
ml.murakami.ne.jp;ml.murakami.ne.jp;110
ml.shibata.ne.jp;%EMAILDOMAIN%;110
mobil.dk;mail.telenor.dk;143
mobsters.com;imap.mail.com;993
monarchy.com;imap.mail.com;993
mopera.net;mail.mopera.net;993
moscowmail.com;imap.mail.com;993
mozilla.com;imap.googlemail.com;993
mozillafoundation.org;imap.googlemail.com;993
msn.com;imap-mail.outlook.com;993
munich.com;imap.mail.com;993
musician.org;imap.mail.com;993
muslim.com;imap.mail.com;993
musling.dk;mail.telenor.dk;143
mymail.ch;mail.mymail.ch;993
mypec.eu;imaps.pec.aruba.it;993
myself.com;imap.mail.com;993
narod.ru;imap.yandex.com;993
natteliv.dk;mail.telenor.dk;143
navy.plala.or.jp;navy.mail.plala.or.jp;110
netbruger.dk;mail.telenor.dk;143
netcologne.de;imap.netcologne.de;993
netscape.net;imap.aol.com;993
neuf.fr;imap.sfr.fr;993
newyork.usa.com;imap.mail.com;993
nifty.com;pop.nifty.com;110
nord-com.net;imap.swbmail.de;993
nsat.jp;mail.nsat.jp;110
null.net;imap.mail.com;993
nvbell.net;inbound.att.net;995
nycmail.com;imap.mail.com;993
o2.pl;poczta.o2.pl;995
o2mail.de;imap.o2mail.de;993
o2online.de;imap.o2mail.de;993
oath.com;imap.mail.com;993
ocn.ad.jp;pop.ocn.ne.jp;995
ocn.ne.jp;pop.ocn.ne.jp;995
olive.plala.or.jp;olive.mail.plala.or.jp;110
one.com;imap.one.com;993
onet.eu;pop3.poczta.onet.pl;995
onet.pl;pop3.poczta.onet.pl;995
online.de;imap.1und1.de;993
onlinehome.de;imap.1und1.de;993
op.pl;pop3.poczta.onet.pl;995
opal.plala.or.jp;opal.mail.plala.or.jp;110
optician.com;imap.mail.com;993
orange.fr;imap.orange.fr;993
orchid.plala.or.jp;orchid.mail.plala.or.jp;110
osnanet.de;imap.osnanet.de;993
outlook.com;imap-mail.outlook.com;993
ovh.net;ssl0.ovh.net;993
pacbell.net;inbound.att.net;995
pacificwest.com;imap.mail.com;993
palette.plala.or.jp;palette.mail.plala.or.jp;110
parabox.or.jp;pop3.parabox.or.jp;110
pec.it;imaps.pec.aruba.it;993
pedal.dk;mail.telenor.dk;143
pengemand.dk;mail.telenor.dk;143
peoplepc.com;imap.peoplepc.com;143
petlover.com;imap.mail.com;993
photographer.net;imap.mail.com;993
playful.com;imap.mail.com;993
po.gunmanet.ne.jp;po.wind.ne.jp;110
po.gunmanet.or.jp;po.wind.ne.jp;110
po.wind.co.jp;po.wind.ne.jp;110
po.wind.jp;po.wind.ne.jp;110
po.wind.ne.jp;po.wind.ne.jp;110
pobox.com;mail.pobox.com;993
poczta.onet.eu;pop3.poczta.onet.pl;995
poczta.onet.pl;pop3.poczta.onet.pl;995
poetic.com;imap.mail.com;993
pokerface.dk;mail.telenor.dk;143
politician.com;imap.mail.com;993
polka.plala.or.jp;polka.mail.plala.or.jp;110
pop.shibata.ne.jp;%EMAILDOMAIN%;110
popstar.com;imap.mail.com;993
post.com;imap.mail.com;993
post.cybercity.dk;mail.telenor.dk;143
post.cz;imap.seznam.cz;993
post.dia.dk;mail.telenor.dk;143
posteo.at;posteo.de;143
posteo.ch;posteo.de;143
posteo.de;posteo.de;143
posteo.eu;posteo.de;143
posteo.org;posteo.de;143
postman.dk;mail.telenor.dk;143
presidency.com;imap.mail.com;993
priest.com;imap.mail.com;993
privat.dia.dk;mail.telenor.dk;143
privatmail.dk;mail.telenor.dk;143
prodigy.net;inbound.att.net;995
programmer.net;imap.mail.com;993
prokonto.pl;poczta.o2.pl;995
proximus.be;imap.proximus.be;993
ptd.net;promail.ptd.net;993
publicist.com;imap.mail.com;993
q.com;mail.q.com;995
qq.com;imap.qq.com;993
quake.dk;mail.telenor.dk;143
quicknet.nl;pop.ziggo.nl;110
rainbow.plala.or.jp;rainbow.mail.plala.or.jp;110
rambler.ru;mail.rambler.ru;993
ready.dk;mail.telenor.dk;143
realtyagent.com;imap.mail.com;993
reborn.com;imap.mail.com;993
rediffmail.com;pop.rediffmail.com;993
reggaefan.com;imap.mail.com;993
religious.com;imap.mail.com;993
repairman.com;imap.mail.com;993
representative.com;imap.mail.com;993
republika.pl;pop3.poczta.onet.pl;995
rescueteam.com;imap.mail.com;993
revenue.com;imap.mail.com;993
rmail.plala.or.jp;rmail.mail.plala.or.jp;110
rocketmail.com;imap.mail.yahoo.com;993
rocketship.com;imap.mail.com;993
rockfan.com;imap.mail.com;993
rome.com;imap.mail.com;993
rondo.plala.or.jp;rondo.mail.plala.or.jp;110
rose.plala.or.jp;rose.mail.plala.or.jp;110
rouge.plala.or.jp;rouge.mail.plala.or.jp;110
royal.net;imap.mail.com;993
rr.com;mail.twc.com;993
ruby.plala.or.jp;ruby.mail.plala.or.jp;110
ruhrnet-online.de;mx.versatel.de;143
rzone.de;imap.strato.de;993
saintly.com;imap.mail.com;993
sakunet.ne.jp;mail.sakunet.ne.jp;110
salesperson.net;imap.mail.com;993
sanfranmail.com;imap.mail.com;993
sbcglobal.net;inbound.att.net;995
schlund.de;imap.1und1.de;993
scientist.com;imap.mail.com;993
scotlandmail.com;imap.mail.com;993
secret.dk;mail.telenor.dk;143
secretary.net;imap.mail.com;993
secureserver.net;pop.secureserver.net;995
seductive.com;imap.mail.com;993
serenade.plala.or.jp;serenade.mail.plala.or.jp;110
seznam.cz;imap.seznam.cz;993
sfr.fr;imap.sfr.fr;993
silk.plala.or.jp;silk.mail.plala.or.jp;110
silver.plala.or.jp;silver.mail.plala.or.jp;110
singapore.com;imap.mail.com;993
sky.com;imap.tools.sky.com;993
sky.plala.or.jp;sky.mail.plala.or.jp;110
skynet.be;imap.proximus.be;993
sleepy.dk;mail.telenor.dk;143
smail.plala.or.jp;smail.mail.plala.or.jp;110
smart-mail;imap.smart-mail.de;993
smtp.cz;email.active24.com;993
snakebite.com;imap.mail.com;993
snet.net;inbound.att.net;995
snow.plala.or.jp;snow.mail.plala.or.jp;110
so.wind.jp;so.wind.ne.jp;143
so.wind.ne.jp;so.wind.ne.jp;143
sofort-start.de;imap.1und1.de;993
sofort-surf.de;imap.1und1.de;993
sofortstart.de;imap.1und1.de;993
sofortsurf.de;imap.1und1.de;993
sonata.plala.or.jp;sonata.mail.plala.or.jp;110
songwriter.net;imap.mail.com;993
soon.com;imap.mail.com;993
spainmail.com;imap.mail.com;993
spoluzaci.cz;imap.seznam.cz;993
sporty.dk;mail.telenor.dk;143
strato.de;imap.strato.de;993
studenti.univr.it;univr.mail.cineca.it;993
suite.plala.or.jp;suite.mail.plala.or.jp;110
sunrise.ch;imap.sunrise.ch;993
superbruger.dk;mail.telenor.dk;143
surfeu.de;mail.surfeu.de;993
swbell.net;inbound.att.net;995
swbmail.de;imap.swbmail.de;993
swissonline.ch;imap.hispeed.ch;993
sympatico.ca;imap.bell.net;993
symphony.plala.or.jp;symphony.mail.plala.or.jp;110
t-online.de;secureimap.t-online.de;993
talent.dk;mail.telenor.dk;143
talk21.com;mail.btinternet.com;993
tanke.dk;mail.telenor.dk;143
taupe.plala.or.jp;taupe.mail.plala.or.jp;110
taxidriver.dk;mail.telenor.dk;143
teachers.org;imap.mail.com;993
techie.com;imap.mail.com;993
technologist.com;imap.mail.com;993
teens.dk;mail.telenor.dk;143
teknik.dk;mail.telenor.dk;143
telebel.de;mx.versatel.de;143
telelev.de;mx.versatel.de;143
telenet.be;imap.telenet.be;993
teleos-web.de;pop.ewe.net;995
telstra.com;mail.bigpond.com;995
terra.es;imap4.terra.es;143
texas.usa.com;imap.mail.com;993
thegame.com;imap.mail.com;993
therapist.net;imap.mail.com;993
thinline.cz;mail.cesky-hosting.cz;993
tiscali.cz;pop3.mail.tiscali.cz;110
tiscali.it;imap.tiscali.it;993
tiscali.net;imap.tiscali.it;993
tjekket.dk;mail.telenor.dk;143
tlen.pl;poczta.o2.pl;995
tmail.plala.or.jp;tmail.mail.plala.or.jp;110
toke.com;imap.mail.com;993
tokyo.com;imap.mail.com;993
toothfairy.com;imap.mail.com;993
topaz.plala.or.jp;topaz.mail.plala.or.jp;110
traceroute.dk;mail.telenor.dk;143
trio.plala.or.jp;trio.mail.plala.or.jp;110
tu-berlin.de;mailbox.tu-berlin.de;993
tv.dk;mail.telenor.dk;143
tvstar.com;imap.mail.com;993
ugenstilbud.dk;mail.telenor.dk;143
umpire.com;imap.mail.com;993
ungdom.dk;mail.telenor.dk;143
uni-muenster.de;imap.uni-muenster.de;993
uni.de;mail.uni.de;993
unitybox.de;imap.unitybox.de;993
unitybox.de;mail.unitybox.de;993
uol.com.br;pop3.uol.com.br;995
upcmail.nl;pop3.upcmail.nl;110
usa.com;imap.mail.com;993
utanet.at;mail.utanet.at;993
uymail.com;imap.mail.com;993
verizon.net;pop.verizon.net;995
versanet.de;mx.versatel.de;143
versatel.de;imap4.versatel.de;993
versatel.de;mx.versatel.de;143
video.dk;mail.telenor.dk;143
violet.plala.or.jp;violet.mail.plala.or.jp;110
vip.cybercity.dk;mail.telenor.dk;143
virgin.net;imap4.virgin.net;993
virginmedia.com;imap.virginmedia.com;993
vittig.dk;mail.telenor.dk;143
vm.aikis.or.jp;mail.aikis.or.jp;995
vmail.plala.or.jp;vmail.mail.plala.or.jp;110
vodafone.de;imap.vodafone.de;993
vodafone.net;imap.vodafone.de;993
vp.pl;pop3.poczta.onet.pl;995
vp.tiki.ne.jp;vp.tiki.ne.jp;110
vr-web.de;mail.vr-web.de;993
vtxmail.ch;smtp.vtxmail.ch;993
wallet.com;imap.mail.com;993
waltz.plala.or.jp;waltz.mail.plala.or.jp;110
wanadoo.fr;imap.orange.fr;993
wans.net;inbound.att.net;995
wave.plala.or.jp;wave.mail.plala.or.jp;110
web.de;imap.web.de;993
webhuset.no;imap.webhuset.no;993
webname.com;imap.mail.com;993
weirdness.com;imap.mail.com;993
who.net;imap.mail.com;993
whoever.com;imap.mail.com;993
wine.plala.or.jp;wine.mail.plala.or.jp;110
winning.com;imap.mail.com;993
witty.com;imap.mail.com;993
wmail.plala.or.jp;wmail.mail.plala.or.jp;110
wo.cz;pop3.mail.tiscali.cz;110
wol.dk;mail.telenor.dk;143
worker.com;imap.mail.com;993
workmail.com;imap.mail.com;993
worldmail.cz;pop3.mail.tiscali.cz;110
worldonline.cz;pop3.mail.tiscali.cz;110
worldonline.dk;mail.telenor.dk;143
wp.pl;imap.wp.pl;993
writeme.com;imap.mail.com;993
x-il.jp;mbox.iijmio-mail.jp;110
xmail.plala.or.jp;xmail.mail.plala.or.jp;110
xp.wind.jp;xp.wind.jp;110
xpost.plala.or.jp;xpost.mail.plala.or.jp;110
xtra.co.nz;pop3.xtra.co.nz;995
ya.ru;imap.yandex.com;993
yahoo.co.jp;pop.mail.yahoo.co.jp;995
yahoo.co.nz;imap.mail.yahoo.com;993
yahoo.co.uk;imap.mail.yahoo.com;993
yahoo.com.ar;imap.mail.yahoo.com;993
yahoo.com.au;imap.mail.yahoo.com;993
yahoo.com.br;imap.mail.yahoo.com;993
yahoo.com.mx;imap.mail.yahoo.com;993
yahoo.com;imap.mail.yahoo.com;993
yahoo.de;imap.mail.yahoo.com;993
yahoo.es;imap.mail.yahoo.com;993
yahoo.fr;imap.mail.yahoo.com;993
yahoo.gr;imap.mail.yahoo.com;993
yahoo.it;imap.mail.yahoo.com;993
yahoo.no;imap.mail.yahoo.com;993
yahoo.se;imap.mail.yahoo.com;993
yahoodns.net;imap.mail.yahoo.com;993
yandex.by;imap.yandex.com;993
yandex.com;imap.yandex.com;993
yandex.kz;imap.yandex.com;993
yandex.net;imap.yandex.com;993
yandex.ru;imap.yandex.com;993
yandex.ua;imap.yandex.com;993
ybb.ne.jp;ybbpop.mail.yahoo.co.jp;995
yeah.net;imap.yeah.net;993
yellow.plala.or.jp;yellow.mail.plala.or.jp;110
ymail.com;imap.mail.yahoo.com;993
ymail.plala.or.jp;ymail.mail.plala.or.jp;110
yours.com;imap.mail.com;993
ypost.plala.or.jp;ypost.mail.plala.or.jp;110
zeelandnet.nl;mail.zeelandnet.nl;993
ziggo.nl;pop.ziggo.nl;110
zmail.plala.or.jp;zmail.mail.plala.or.jp;110

centrum.sk;imap.centrum.sk;993
nexgo.de;imap.nexgo.de;993
industria67.it;imap.industria67.it;993
sipnet.ru;imap.sipnet.ru;993
tele2.nl;imap.tele2.nl;993
tele2.nl;imap.tele2.nl;993
tele2.nl;imap.tele2.nl;993
novaproject.it;imap.novaproject.it;993
cantab.net;imap.cantab.net;993
tele2.nl;imap.tele2.nl;993
tele2.nl;imap.tele2.nl;993
lekcekytary.cz;imap.lekcekytary.cz;993
vetorial.net;imap.vetorial.net;993
gnet.tn;imap.gnet.tn;993
vfemail.net;imap.vfemail.net;993
mnet-online.de;imap.mnet-online.de;993
riseup.net;imap.riseup.net;993
freeler.nl;imap.freeler.nl;993
hetnet.nl;imap.hetnet.nl;993
1337.no;imap.1337.no;993
socket.net;imap.socket.net;993
tele2.nl;imap.tele2.nl;993
mail.fm;imap.mail.fm;993
telkomsa.net;imap.telkomsa.net;993
tele2.nl;imap.tele2.nl;993
dream.jp;imap.dream.jp;993
telkomsa.net;imap.telkomsa.net;993
ukgateway.net;imap.ukgateway.net;993
wedding-vip.ru;imap.wedding-vip.ru;993
acsi.it;imap.acsi.it;993
tele2.nl;imap.tele2.nl;993
cox.net;imap.cox.net;993
collegiovolta.it;imap.collegiovolta.it;993
paleol.net;imap.paleol.net;993
g2.ru;imap.g2.ru;993
galerie-krobv.cz;imap.galerie-krobv.cz;993
triango.sk;imap.triango.sk;993
theseasonstandard.de;imap.theseasonstandard.de;993
globalnet.hr;imap.globalnet.hr;993
canossacampus.it;imap.canossacampus.it;993
ahkong.net;imap.ahkong.net;993
maset.eu;imap.maset.eu;993
assifriuli.it;imap.assifriuli.it;993
telfort.nl;imap.telfort.nl;993
numericable.fr;imap.numericable.fr;993
clickmaven.net;imap.clickmaven.net;993
nextmail.ru;imap.nextmail.ru;993
orionworld.in;imap.orionworld.in;993
mail.bg;imap.mail.bg;993
nordnet.fr;imap.nordnet.fr;993
rodorigo.net;imap.rodorigo.net;993
21cn.net;imap.21cn.net;993
myopensystem.jp;imap.myopensystem.jp;993
emailn.de;imap.emailn.de;993
20hours.it;imap.20hours.it;993
sevollai.it;imap.sevollai.it;993
sigecom.net;imap.sigecom.net;993
euromail.hu;imap.euromail.hu;993
gaia-solutions.ch;imap.gaia-solutions.ch;993
varsat.net;imap.varsat.net;993
beautyart.sk;imap.beautyart.sk;993
kornet.ru;imap.kornet.ru;993
shweb.it;imap.shweb.it;993
actel.hu;imap.actel.hu;993
gelannes.fr;imap.gelannes.fr;993
lafiesta.sk;imap.lafiesta.sk;993
emailn.de;imap.emailn.de;993
elazra.ch;imap.elazra.ch;993
t-2.net;imap.t-2.net;993
zjnu.net;imap.zjnu.net;993
pneu-pokorny.cz;imap.pneu-pokorny.cz;993
rodamiento.cz;imap.rodamiento.cz;993
kompart.it;imap.kompart.it;993
freemail.hu;imap.freemail.hu;993
germany.ru;imap.germany.ru;993
inmail.cz;imap.inmail.cz;993
xmsnet.nl;imap.xmsnet.nl;993
lantic.net;imap.lantic.net;993
mailme.dk;imap.mailme.dk;993
aruba.it;imap.aruba.it;993
windstream.net;imap.windstream.net;993
azet.sk;imap.azet.sk;993
aruba.it;imap.aruba.it;993
cogeco.ca;imap.cogeco.ca;993
webmail.it;imap.webmail.it;993
mclink.it;imap.mclink.it;993
xnet.hr;imap.xnet.hr;993
aruba.it;imap.aruba.it;993
webmail.it;imap.webmail.it;993
bigfork.net;imap.bigfork.net;993
bigmir.net;imap.bigmir.net;993
bigmir.net;imap.bigmir.net;993
videotron.ca;imap.videotron.ca;993
tischlerei-manthey.de;imap.tischlerei-manthey.de;993
webmail.it;imap.webmail.it;993
mclink.it;imap.mclink.it;993
talktalk.net;imap.talktalk.net;993
windstream.net;imap.windstream.net;993
telefonica.net;imap.telefonica.net;993
sydfynsmail.dk;imap.sydfynsmail.dk;993
freemail.hu;imap.freemail.hu;993
telefonica.net;imap.telefonica.net;993
dnainternet.net;imap.dnainternet.net;993
talktalk.net;imap.talktalk.net;993
germany.ru;imap.germany.ru;993
videotron.ca;imap.videotron.ca;993
bigmir.net;imap.bigmir.net;993
zoznam.sk;imap.zoznam.sk;993
fastwebnet.it;imap.fastwebnet.it;993
isolex.net;imap.isolex.net;993
windstream.net;imap.windstream.net;993
dad.es;imap.dad.es;993
windstream.net;imap.windstream.net;993
dad.es;imap.dad.es;993
wibox.fr;imap.wibox.fr;993
talktalk.net;imap.talktalk.net;993
cogeco.ca;imap.cogeco.ca;993
cegetel.net;imap.cegetel.net;993
esathd.net;imap.esathd.net;993
talktalk.net;imap.talktalk.net;993
aruba.it;imap.aruba.it;993
ownit.nu;imap.ownit.nu;993
dad.es;imap.dad.es;993
zoznam.sk;imap.zoznam.sk;993
cegetel.net;imap.cegetel.net;993
lantic.net;imap.lantic.net;993
lantic.net;imap.lantic.net;993
bigmir.net;imap.bigmir.net;993
azet.sk;imap.azet.sk;993
windstream.net;imap.windstream.net;993
cogeco.ca;imap.cogeco.ca;993
hughes.net;imap.hughes.net;993
webmail.it;imap.webmail.it;993
webmail.it;imap.webmail.it;993
webmail.it;imap.webmail.it;993
getmail.no;imap.getmail.no;993
xnet.hr;imap.xnet.hr;993
talktalk.net;imap.talktalk.net;993
zoominternet.net;imap.zoominternet.net;993
talktalk.net;imap.talktalk.net;993
ownit.nu;imap.ownit.nu;993
cegetel.net;imap.cegetel.net;993
windstream.net;imap.windstream.net;993
webmail.it;imap.webmail.it;993
webmail.it;imap.webmail.it;993
ufpa.br;imap.ufpa.br;993
otenet.gr;imap.otenet.gr;993
caiway.nl;imap.caiway.nl;993
blic.net;imap.blic.net;993
fontelnet.it;imap.fontelnet.it;993
brizet.dk;imap.brizet.dk;993
fam-geens.be;imap.fam-geens.be;993
webmail.it;imap.webmail.it;993
dad.es;imap.dad.es;993
videotron.ca;imap.videotron.ca;993
webmail.it;imap.webmail.it;993
lijbrandt.nl;imap.lijbrandt.nl;993
aruba.it;imap.aruba.it;993
videotron.ca;imap.videotron.ca;993
aruba.it;imap.aruba.it;993
mclink.it;imap.mclink.it;993
faithdiamond.org;imap.faithdiamond.org;993
cegetel.net;imap.cegetel.net;993
wowway.biz;imap.wowway.biz;993
telefonica.net;imap.telefonica.net;993
windstream.net;imap.windstream.net;993
aruba.it;imap.aruba.it;993
telefonica.net;imap.telefonica.net;993
centrum.cz;imap.centrum.cz;993
cogeco.ca;imap.cogeco.ca;993
sportsight.net;imap.sportsight.net;993
bex.net;imap.bex.net;993
uni-potsdam.de;imap.uni-potsdam.de;993
videotron.ca;imap.videotron.ca;993
dad.es;imap.dad.es;993
ownit.nu;imap.ownit.nu;993
fontelnet.it;imap.fontelnet.it;993
zoznam.sk;imap.zoznam.sk;993
ftcweb.net;imap.ftcweb.net;993
cegetel.net;imap.cegetel.net;993
broadpark.no;imap.broadpark.no;993
vol.at;imap.vol.at;993
se-te-co.it;imap.se-te-co.it;993
vol.at;imap.vol.at;993
bex.net;imap.bex.net;993
ftcweb.net;imap.ftcweb.net;993
dad.es;imap.dad.es;993
freemail.gr;imap.freemail.gr;993
wowway.biz;imap.wowway.biz;993
getmail.no;imap.getmail.no;993
zoominternet.net;imap.zoominternet.net;993
zoznam.sk;imap.zoznam.sk;993
getmail.no;imap.getmail.no;993
elba-airport.it;imap.elba-airport.it;993
otenet.gr;imap.otenet.gr;993
tecomm.be;imap.tecomm.be;993
bluedot.it;imap.bluedot.it;993
wowway.biz;imap.wowway.biz;993
wowway.biz;imap.wowway.biz;993
roenensas.nl;imap.roenensas.nl;993
vol.at;imap.vol.at;993
mls.nc;imap.mls.nc;993
stardsl.de;imap.stardsl.de;993
9online.fr;imap.9online.fr;993
pirkpl.fr;imap.pirkpl.fr;993
arvig.net;imap.arvig.net;993
junkerhq.net;imap.junkerhq.net;993
siesta.es;imap.siesta.es;993
bredband.net;imap.bredband.net;993
km.ru;imap.km.ru;993
citycable.ch;imap.citycable.ch;993
km.ru;imap.km.ru;993
johnsonassociates.biz;imap.johnsonassociates.biz;993
bbsyd.dk;imap.bbsyd.dk;993
suddenlink.net;imap.suddenlink.net;993
cebridge.net;imap.suddenlink.net;993
mesgoodies.net;imap.mesgoodies.net;993
schoonieshospitality.net;imap.schoonieshospitality.net;993
2fellnasen.de;imap.2fellnasen.de;993
eim.ae;imap.eim.ae;993
nordfiber.dk;imap.nordfiber.dk;993
imeg.biz;imap.imeg.biz;993
siesta.es;imap.siesta.es;993
thelynchteam.net;imap.thelynchteam.net;993
cgocable.ca;imap.cgocable.ca;993
guerrier-conseil.fr;imap.guerrier-conseil.fr;993
rikt.ru;imap.rikt.ru;993
cl-proautomatic.hu;imap.cl-proautomatic.hu;993
cath-vd.ch;imap.cath-vd.ch;993
sedman.net;imap.sedman.net;993
seakingindustries.in;imap.seakingindustries.in;993
carrollco.net;imap.carrollco.net;993
pobox.sk;imap.pobox.sk;993
bulive.net;imap.bulive.net;993
groupeenergyservice.it;imap.groupeenergyservice.it;993
lineone.net;imap.lineone.net;993
globonet.hu;imap.globonet.hu;993
lillinet.org;imap.lillinet.org;993
servinform.es;imap.servinform.es;993
pviscm.es;imap.pviscm.es;993
comnett.net;imap.comnett.net;993
ish.de;imap.ish.de;993
bettsdrilling.ca;imap.bettsdrilling.ca;993
bbox.fr;imap.bbox.fr;993
elektrosimanovsky.cz;imap.elektrosimanovsky.cz;993
cathedralhighschool.org;imap.cathedralhighschool.org;993
sinos.net;imap.sinos.net;993
netwurx.net;imap.netwurx.net;993
altinet.fr;imap.altinet.fr;993
valliant.net;imap.valliant.net;993
forasong.org;imap.forasong.org;993
invitel.hu;imap.invitel.hu;993
edzone.net;imap.edzone.net;993
nuovaipsa.it;imap.nuovaipsa.it;993
oricom.ca;imap.oricom.ca;993
uwclub.net;imap.uwclub.net;993
star-technologies.biz;imap.star-technologies.biz;993
fujinaga-kk.jp;imap.fujinaga-kk.jp;993
hawaiiantel.net;imap.hawaiiantel.net;993
mimer.no;imap.mimer.no;993
motox.at;imap.motox.at;993
bolivia-usa.org;imap.bolivia-usa.org;993
wgsourcing.net;imap.wgsourcing.net;993
woutervanschagen.nl;imap.woutervanschagen.nl;993
aubets.org;imap.aubets.org;993
spinella.info;imap.spinella.info;993
kliksafe.nl;imap.kliksafe.nl;993
glowmusic.net;imap.glowmusic.net;993
njmt.org;imap.njmt.org;993
gigliosimone.it;imap.gigliosimone.it;993
ejgajg.nl;imap.ejgajg.nl;993
surewest.net;imap.surewest.net;993
langolodelgusto.it;imap.langolodelgusto.it;993
cccinternet.net;imap.cccinternet.net;993
bymr.fr;imap.bymr.fr;993
solcon.nl;imap.solcon.nl;993
swoi.net;imap.swoi.net;993
gellideg.net;imap.gellideg.net;993
izonix.nl;imap.izonix.nl;993
palisoft.fi;imap.palisoft.fi;993
surewest.net;imap.surewest.net;993
gepardbt.hu;imap.gepardbt.hu;993
zuzek.at;imap.zuzek.at;993
fuse.net;imap.fuse.net;993
g-h.it;imap.g-h.it;993
meltel.net;imap.meltel.net;993
jubii.dk;imap.jubii.dk;993
ssv-schwaebischhall.de;imap.ssv-schwaebischhall.de;993
beyond-design.info;imap.beyond-design.info;993
sfu.ca;imap.sfu.ca;993
lsol.net;imap.lsol.net;993
hu2.ru;imap.hu2.ru;993
scheermeijer.nu;imap.scheermeijer.nu;993
nysspe-suffolk.org;imap.nysspe-suffolk.org;993
e-homenet.jp;imap.e-homenet.jp;993
centrostampapadova.it;imap.centrostampapadova.it;993
xs4all.nl;imap.xs4all.nl;993
roerink.net;imap.roerink.net;993
4zampedaldentista.it;imap.4zampedaldentista.it;993
pa.net;imap.pa.net;993
lagoon.nc;imap.lagoon.nc;993
galindo.me;imap.galindo.me;993
transact.bm;imap.transact.bm;993
3rivers.net;imap.3rivers.net;993
phnet.fi;imap.phnet.fi;993
tpponline.de;imap.tpponline.de;993
pressl.eu;imap.pressl.eu;993
pamoja.at;imap.pamoja.at;993
novafacility.eu;imap.novafacility.eu;993
vodafone.it;imap.vodafone.it;993
virgilio.it;imap.virgilio.it;993
fairdale.org;imap.fairdale.org;993
zixxiv.nl;imap.zixxiv.nl;993
ggaweb.ch;imap.ggaweb.ch;993
simplecomputers.biz;imap.simplecomputers.biz;993
ozzio.jp;imap.ozzio.jp;993
inmail.sk;imap.inmail.sk;993
dsl.li;imap.dsl.li;993
pratilegal.it;imap.pratilegal.it;993
kinder4rescue.org;imap.kinder4rescue.org;993
moreau-patrimoine.fr;imap.moreau-patrimoine.fr;993
paulbunyan.net;imap.paulbunyan.net;993
mailbox.hu;imap.mailbox.hu;993
markos.biz;imap.markos.biz;993
string.it;imap.string.it;993
landroverdealers.it;imap.landroverdealers.it;993
raywilliams.info;imap.raywilliams.info;993
mckeefamily.ca;imap.mckeefamily.ca;993
sks-kassen.at;imap.sks-kassen.at;993
mateuszmajewski.eu;imap.mateuszmajewski.eu;993
ruraltel.net;imap.ruraltel.net;993
gno.de;imap.gno.de;993
traiteur-guidonuyts.be;imap.traiteur-guidonuyts.be;993
inbox.im;imap.inbox.im;993
tannai.jp;imap.tannai.jp;993
meiliboxi.fi;imap.meiliboxi.fi;993
autosinistrate24.it;imap.autosinistrate24.it;993
miee.ru;imap.miee.ru;993
splius.lt;imap.splius.lt;993
alpenjodel.de;imap.alpenjodel.de;993
colaianni.it;imap.colaianni.it;993
texasdukes.net;imap.texasdukes.net;993
billefast.se;imap.billefast.se;993
angelslook.nl;imap.angelslook.nl;993
ceibaer.de;imap.ceibaer.de;993
shinsetugumi.jp;imap.shinsetugumi.jp;993
center-gold.ru;imap.center-gold.ru;993
juliechambers.net;imap.juliechambers.net;993
cogeco.net;imap.cogeco.net;993
netcsi.it;imap.netcsi.it;993
lexcominc.net;imap.lexcominc.net;993
it-advanced.it;imap.it-advanced.it;993
net.hr;imap.net.hr;993
5x2.de;imap.5x2.de;993
coxtoons.ch;imap.coxtoons.ch;993
9989064604.in;imap.9989064604.in;993
fritswegenwijs.nl;imap.fritswegenwijs.nl;993
beat-pop.jp;imap.beat-pop.jp;993
snpt.it;imap.snpt.it;993
sellars.org;imap.sellars.org;993
harderradio.fm;imap.harderradio.fm;993
istitutomargherita.it;imap.istitutomargherita.it;993
homsbox.ru;imap.homsbox.ru;993
sertorio.net;imap.sertorio.net;993
start.bg;imap.start.bg;993
egoprint.es;imap.egoprint.es;993
ac-rouen.fr;imap.ac-rouen.fr;993
rokverk.is;imap.rokverk.is;993
freemail.ru;imap.freemail.ru;993
gmkgroup.in;imap.gmkgroup.in;993
larissa.se;imap.larissa.se;993
epastas.lt;imap.epastas.lt;993
ctav.es;imap.ctav.es;993
anoled.fr;imap.anoled.fr;993
ellant.nl;imap.ellant.nl;993
girlmail.ru;imap.girlmail.ru;993
acronel.sk;imap.acronel.sk;993
bdic.fr;imap.bdic.fr;993
serviceconsulting.eu;imap.serviceconsulting.eu;993
enternet.hu;imap.enternet.hu;993
creations.ky;imap.creations.ky;993
paukune.net;imap.paukune.net;993
mayamajin.jp;imap.mayamajin.jp;993
ctres.net;imap.ctres.net;993
silviapoli.it;imap.silviapoli.it;993
iamblank.net;imap.iamblank.net;993
cowanandcompany.net;imap.cowanandcompany.net;993
knology.net;imap.knology.net;993
no-log.org;imap.no-log.org;993
mtaonline.net;imap.mtaonline.net;993
residencehotel.it;imap.residencehotel.it;993
macstech.it;imap.macstech.it;993
takecontrolfitness.net;imap.takecontrolfitness.net;993
kexcite.net;imap.kexcite.net;993
ucom.net;imap.ucom.net;993
laurel.in;imap.laurel.in;993
spartanmed.org;imap.spartanmed.org;993
dorfbaeckerei.eu;imap.dorfbaeckerei.eu;993
certificatsdenergie.fr;imap.certificatsdenergie.fr;993
fesb.hr;imap.fesb.hr;993
rotego.nl;imap.rotego.nl;993
alma.vn;imap.alma.vn;993
mounthouse.org;imap.mounthouse.org;993
luxinet.fr;imap.luxinet.fr;993
quercusrobur.nl;imap.quercusrobur.nl;993
melting-pot.jp;imap.melting-pot.jp;993
stursulavilla.org;imap.stursulavilla.org;993
univ-annaba.org;imap.univ-annaba.org;993
utkarshindia.in;imap.utkarshindia.in;993
bagsvaerdboldklub.dk;imap.bagsvaerdboldklub.dk;993
benoitrocher.fr;imap.benoitrocher.fr;993
godmail.dk;imap.godmail.dk;993
misterya.it;imap.misterya.it;993
austerlitz.it;imap.austerlitz.it;993
tu-braunschweig.de;imap.tu-braunschweig.de;993
tsubukoro.jp;imap.tsubukoro.jp;993
geboortekaartjesverzameling.nl;imap.geboortekaartjesverzameling.nl;993
rikimaru.jp;imap.rikimaru.jp;993
turbofiber.dk;imap.turbofiber.dk;993
stephanecellier.fr;imap.stephanecellier.fr;993
naginreed.at;imap.naginreed.at;993
omkc.ru;imap.omkc.ru;993
ehrat.net;imap.ehrat.net;993
spark-mail.ru;imap.spark-mail.ru;993
ozone.net;imap.ozone.net;993
masuya1920.jp;imap.masuya1920.jp;993
fhcpost.org;imap.fhcpost.org;993
pass-werk.de;imap.pass-werk.de;993
maple.net;imap.maple.net;993
dihe.fr;imap.dihe.fr;993
cominnet.cz;imap.cominnet.cz;993
inext.at;imap.inext.at;993
ok.de;imap.ok.de;993
lopes.ws;imap.lopes.ws;993
kttinc.org;imap.kttinc.org;993
mirandus.be;imap.mirandus.be;993
stenvall.org;imap.stenvall.org;993
taosystem.eu;imap.taosystem.eu;993
deanomusic.org;imap.deanomusic.org;993
gulfexpress.ae;imap.gulfexpress.ae;993
otawa.net;imap.otawa.net;993
databaar.ch;imap.databaar.ch;993
oswayo.net;imap.oswayo.net;993
rapidhs.se;imap.rapidhs.se;993
nordesign.it;imap.nordesign.it;993
masohightechnology.it;imap.masohightechnology.it;993
livelifewell.ca;imap.livelifewell.ca;993
thelowedown.org;imap.thelowedown.org;993
profilesinternational.no;imap.profilesinternational.no;993
bbcasadio.it;imap.bbcasadio.it;993
lda.org;imap.lda.org;993
brandslund.dk;imap.brandslund.dk;993
sft1.net;imap.sft1.net;993
semo.net;imap.semo.net;993
vampyre.co;imap.vampyre.co;993
superhero.nl;imap.superhero.nl;993
tecnofanini.it;imap.tecnofanini.it;993
livingbydesign.jp;imap.livingbydesign.jp;993
forzzafurniture.in;imap.forzzafurniture.in;993
livenet.ch;imap.livenet.ch;993
roseart.sk;imap.roseart.sk;993
onlinesistemi.it;imap.onlinesistemi.it;993
torqueconsulting.se;imap.torqueconsulting.se;993
rolmail.net;imap.rolmail.net;993
association-live.fr;imap.association-live.fr;993
amcomm.ca;imap.amcomm.ca;993
fsmt.it;imap.fsmt.it;993
paulsprenger.at;imap.paulsprenger.at;993
soloposta.eu;imap.soloposta.eu;993
dpsnd.org;imap.dpsnd.org;993
pjansens.nl;imap.pjansens.nl;993
groupe.it;imap.groupe.it;993
maxiofferta.it;imap.maxiofferta.it;993
areaonlus.org;imap.areaonlus.org;993
cartagena.es;imap.cartagena.es;993
goobersguns.net;imap.goobersguns.net;993
dokom.net;imap.dokom.net;993
michaelclayton.net;imap.michaelclayton.net;993
wandrcpas.net;imap.wandrcpas.net;993
cygnustech.net;imap.cygnustech.net;993
ukr.net;imap.ukr.net;993
gnet.es;imap.gnet.es;993
tordatrans.hu;imap.tordatrans.hu;993
santens.co;imap.santens.co;993
mikkiri.it;imap.mikkiri.it;993
gastonberger.fr;imap.gastonberger.fr;993
efodiastiki-eshop.gr;imap.efodiastiki-eshop.gr;993
alteredsoulproductions.net;imap.alteredsoulproductions.net;993
autofficinarossi.it;imap.autofficinarossi.it;993
ecomas.it;imap.ecomas.it;993
ganzers.at;imap.ganzers.at;993
soile.org;imap.soile.org;993
svenskff.se;imap.svenskff.se;993
booktown.jp;imap.booktown.jp;993
keohane.ie;imap.keohane.ie;993
start.no;imap.start.no;993
oxfordbrookes.net;imap.oxfordbrookes.net;993
osakaweb.jp;imap.osakaweb.jp;993
sunvilla.eu;imap.sunvilla.eu;993
ilcarlone.it;imap.ilcarlone.it;993
emproacsa.es;imap.emproacsa.es;993
vayu.cz;imap.vayu.cz;993
scherrmann.fr;imap.scherrmann.fr;993
pienostile.it;imap.pienostile.it;993
olympus.ru;imap.olympus.ru;993
hbek.info;imap.hbek.info;993
9business.fr;imap.9business.fr;993
wayo.cz;imap.wayo.cz;993
solvatten.se;imap.solvatten.se;993
mycdi.ca;imap.mycdi.ca;993
unilim.fr;imap.unilim.fr;993
andreapietropresti.it;imap.andreapietropresti.it;993
alplastitalia.it;imap.alplastitalia.it;993
kefa.it;imap.kefa.it;993
cosmotemail.gr;imap.cosmotemail.gr;993
goganga.it;imap.goganga.it;993
joelle-annouq.de;imap.joelle-annouq.de;993
kansai.me;imap.kansai.me;993
andress.me;imap.andress.me;993
pizzalleys.net;imap.pizzalleys.net;993
c2.hu;imap.c2.hu;993
boom.ge;imap.boom.ge;993
pldi.net;imap.pldi.net;993
tewcrew.net;imap.tewcrew.net;993
rivah.net;imap.rivah.net;993
kedo.jp;imap.kedo.jp;993
stadbolaget.se;imap.stadbolaget.se;993
gionsound.jp;imap.gionsound.jp;993
burstrom.be;imap.burstrom.be;993
volny.cz;imap.volny.cz;993
eckermark.se;imap.eckermark.se;993
fdaa.dk;imap.fdaa.dk;993
sccoast.net;imap.sccoast.net;993
ksbroadband.net;imap.ksbroadband.net;993
hokuriku.me;imap.hokuriku.me;993
lenaert.fr;imap.lenaert.fr;993
uvigo.es;imap.uvigo.es;993
visualinfosoft.in;imap.visualinfosoft.in;993
segurosinsurance.net;imap.segurosinsurance.net;993
myonlinemailbox.net;imap.myonlinemailbox.net;993
online.fr;imap.online.fr;993
online.fr;imap.online.fr;993
online.fr;imap.online.fr;993
online.fr;imap.online.fr;993
online.fr;imap.online.fr;993
online.fr;imap.online.fr;993
online.fr;imap.online.fr;993
online.fr;imap.online.fr;993
tom.com;imap.tom.com;993
nate.com;imap.nate.com;993
aliceadsl.fr;imap.aliceadsl.fr;993
online.fr;imap.online.fr;993
online.fr;imap.online.fr;993
online.fr;imap.online.fr;993
online.fr;imap.online.fr;993
online.fr;imap.online.fr;993
online.fr;imap.online.fr;993
tom.com;imap.tom.com;993
online.fr;imap.online.fr;993
online.fr;imap.online.fr;993
online.fr;imap.online.fr;993
tom.com;imap.tom.com;993
online.fr;imap.online.fr;993
netmadeira.com;imap.netmadeira.com;993
21cn.com;imap.21cn.com;993
tom.com;imap.tom.com;993
online.fr;imap.online.fr;993
tom.com;imap.tom.com;993
aliceadsl.fr;imap.aliceadsl.fr;993
21cn.com;imap.21cn.com;993
online.fr;imap.online.fr;993
21cn.com;imap.21cn.com;993
263.net;imap.263.net;993
aliceadsl.fr;imap.aliceadsl.fr;993
tom.com;imap.tom.com;993
tom.com;imap.tom.com;993
tom.com;imap.tom.com;993
tom.com;imap.tom.com;993
lycos.com;imap.lycos.com;993
online.fr;imap.online.fr;993
lycos.com;imap.lycos.com;993
tom.com;imap.tom.com;993
nate.com;imap.nate.com;993
eastlink.ca;imap.eastlink.ca;993
21cn.com;imap.21cn.com;993
tom.com;imap.tom.com;993
tom.com;imap.tom.com;993
21cn.com;imap.21cn.com;993
tom.com;imap.tom.com;993
tom.com;imap.tom.com;993
tom.com;imap.tom.com;993
cash4carz.com;imap.cash4carz.com;993
tom.com;imap.tom.com;993
gci.net;imap.gci.net;993
21cn.com;imap.21cn.com;993
sina.cn;imap.sina.cn;993
noos.fr;imap.noos.fr;993
21cn.com;imap.21cn.com;993
iol.ie;imap.iol.ie;993
noos.fr;imap.noos.fr;993
vizagsteel.com;imap.vizagsteel.com;993
tom.com;imap.tom.com;993
sina.cn;imap.sina.cn;993
tevi.ch;imap.tevi.ch;993
sina.cn;imap.sina.cn;993
idffy.it;imap.idffy.it;993
lemms.be;imap.lemms.be;993
lycos.com;imap.lycos.com;993
sina.cn;imap.sina.cn;993
sina.cn;imap.sina.cn;993
katamail.com;imap.katamail.com;993
sina.com;imap.sina.com;993
kleppnett.no;imap.kleppnett.no;993
atlas.cz;imap.atlas.cz;993
xaker.ru;imap.xaker.ru;993
nxt.ru;imap.nxt.ru;993
tienghi.it;imap.tienghi.it;993
empirefaces.com;imap.empirefaces.com;993
idnet.com;imap.idnet.com;993
sina.com;imap.sina.com;993
sina.com;imap.sina.com;993
akeonet.com;imap.akeonet.com;993
tdrrecords.net;imap.tdrrecords.net;993
cheapnet.it;imap.cheapnet.it;993
cheapnet.it;imap.cheapnet.it;993
jazyky-ve-vlasimi.cz;imap.jazyky-ve-vlasimi.cz;993
netikka.fi;imap.netikka.fi;993
beemarms.com;imap.beemarms.com;993
onego.ru;imap.onego.ru;993
sapo.pt;imap.sapo.pt;993
wonder-puppy.com;imap.wonder-puppy.com;993
kpnmail.nl;imap.kpnmail.nl;993
74.ru;imap.74.ru;993
189.cn;imap.189.cn;993
teleport.ch;imap.teleport.ch;993
numericable.com;imap.numericable.com;993
suz4sims.com;imap.suz4sims.com;993
bigbang-music.com;imap.bigbang-music.com;993
wherethebuffaloroam.net;imap.wherethebuffaloroam.net;993
warontruckers.com;imap.warontruckers.com;993
shippos.dk;imap.shippos.dk;993
srt.com;imap.srt.com;993
helioscp.com;imap.helioscp.com;993
posperus.de;imap.posperus.de;993
buckeye-express.com;imap.buckeye-express.com;993
buckeye-express.com;imap.buckeye-express.com;993
texasfinsup.com;imap.texasfinsup.com;993
xittel.ca;imap.xittel.ca;993
i2000net.it;imap.i2000net.it;993
post.sk;imap.post.sk;993
diannechase.com;imap.diannechase.com;993
generalimediadores.es;imap.generalimediadores.es;993
perrovidaspa.com;imap.perrovidaspa.com;993
custom-artdesigns.com;imap.custom-artdesigns.com;993
marberisc.com;imap.marberisc.com;993
heerfordt.com;imap.heerfordt.com;993
bossmail.ru;imap.bossmail.ru;993
xplornet.com;imap.xplornet.com;993
dpricemd.com;imap.dpricemd.com;993
buckeyeexpress.com;imap.buckeyeexpress.com;993
buckeyeexpress.com;imap.buckeyeexpress.com;993
hargray.com;imap.hargray.com;993
chelfin.ru;imap.chelfin.ru;993
frontier.com;imap.frontier.com;993
43.ru;imap.43.ru;993
sobertec.com;imap.sobertec.com;993
luptonirrigation.com;imap.luptonirrigation.com;993
stevelinehan.com;imap.stevelinehan.com;993
netshop.tn;imap.netshop.tn;993
gerbier.eu;imap.gerbier.eu;993
nwi.net;imap.nwi.net;993
get2yourbest.com;imap.get2yourbest.com;993
baby-chic-boutique.com;imap.baby-chic-boutique.com;993
onemediacommunications.com;imap.onemediacommunications.com;993
bouckaert.nl;imap.bouckaert.nl;993
thunlund.se;imap.thunlund.se;993
yeur.net;imap.yeur.net;993
guliandesign.com;imap.guliandesign.com;993
santaluciatravel.com;imap.santaluciatravel.com;993
onlab.it;imap.onlab.it;993
utilityoptics.com;imap.utilityoptics.com;993
adorni.it;imap.adorni.it;993
mukeshindustries.com;imap.mukeshindustries.com;993
somuchsavings.com;imap.somuchsavings.com;993
asl2abruzzo.it;imap.asl2abruzzo.it;993
thegutts.com;imap.thegutts.com;993
danieladamsphotography.com;imap.danieladamsphotography.com;993
daviscottage.org;imap.daviscottage.org;993
torchlake.com;imap.torchlake.com;993
bradleeschroeder.com;imap.bradleeschroeder.com;993
qwerty.ru;imap.qwerty.ru;993
jss.nl;imap.jss.nl;993
bobcoremodeling.com;imap.bobcoremodeling.com;993
r7.com;imap.r7.com;993
centrale-marseille.fr;imap.centrale-marseille.fr;993
cardiacdesign.com;imap.cardiacdesign.com;993
adsupply.se;imap.adsupply.se;993
boymail.ru;imap.boymail.ru;993
suensons.dk;imap.suensons.dk;993
hdesignspty.com;imap.hdesignspty.com;993
pdrpresident.com;imap.pdrpresident.com;993
packnracks.com;imap.packnracks.com;993
shopthegreencoconut.com;imap.shopthegreencoconut.com;993
mv-net.cz;imap.mv-net.cz;993
clav.us;imap.clav.us;993
edakota.com;imap.edakota.com;993
ina-matt.com;imap.ina-matt.com;993
foxvalleycleaners.com;imap.foxvalleycleaners.com;993
ostersen.net;imap.ostersen.net;993
electricalconceptsinc.com;imap.electricalconceptsinc.com;993
deanjett.com;imap.deanjett.com;993
kellyrsimmons.com;imap.kellyrsimmons.com;993
asserviceonline.it;imap.asserviceonline.it;993
becompliant.com;imap.becompliant.com;993
hanmail.net;imap.hanmail.net;993
everestkc.net;imap.everestkc.net;993
meilstrupfam.com;imap.meilstrupfam.com;993
rayholland2.com;imap.rayholland2.com;993
hanmail.net;imap.hanmail.net;993
rdcommercialflooring.com;imap.rdcommercialflooring.com;993
59.ru;imap.59.ru;993
sherpaenergy.com;imap.sherpaenergy.com;993
modulonet.fr;imap.modulonet.fr;993
ideaone.net;imap.ideaone.net;993
rcn.com;imap.rcn.com;993
mtaplus.cz;imap.mtaplus.cz;993
hfmgroup.net;imap.hfmgroup.net;993
movistar.es;imap.movistar.es;993
pmgoodwin.com;imap.pmgoodwin.com;993
stijnrompa.nl;imap.stijnrompa.nl;993
lakemeech.ca;imap.lakemeech.ca;993
rtmc.net;imap.rtmc.net;993
douglascabinets.com;imap.douglascabinets.com;993
keliwood.cz;imap.keliwood.cz;993
skommars.se;imap.skommars.se;993
isellmyrtlebeach.com;imap.isellmyrtlebeach.com;993
lemiroir.com;imap.lemiroir.com;993
infomaniak.ch;imap.infomaniak.ch;993
themumpers.com;imap.themumpers.com;993
naver.com;imap.naver.com;993
139.com;imap.139.com;993
icqmail.com;imap.icqmail.com;993
elsmog.se;imap.elsmog.se;993
bciexteriors.com;imap.bciexteriors.com;993
monaco.mc;imap.monaco.mc;993
df2000.it;imap.df2000.it;993
netplus.ch;imap.netplus.ch;993
stealthhex.com;imap.stealthhex.com;993
martinjensen.dk;imap.martinjensen.dk;993
tylonproducts.com;imap.tylonproducts.com;993
pj-firepower.com;imap.pj-firepower.com;993
isabelt.com;imap.isabelt.com;993
thearmywives.com;imap.thearmywives.com;993
vidteq.com;imap.vidteq.com;993
myprettylittleparty.com;imap.myprettylittleparty.com;993
joshandrewbrown.com;imap.joshandrewbrown.com;993
blackburnacoustics.com;imap.blackburnacoustics.com;993
ds2reps.com;imap.ds2reps.com;993
infowest.com;imap.infowest.com;993
leischow.com;imap.leischow.com;993
sonrisebaptist.org;imap.sonrisebaptist.org;993
aihtc.net;imap.aihtc.net;993
mythrilmages.com;imap.mythrilmages.com;993
elexprimidordeideas.com;imap.elexprimidordeideas.com;993
jilliansavage.com;imap.jilliansavage.com;993
callesen-tinglev.dk;imap.callesen-tinglev.dk;993
saintfrancoislesgoelands.com;imap.saintfrancoislesgoelands.com;993
email.su;imap.email.su;993
aliyun.com;imap.aliyun.com;993
zoho.com;imap.zoho.com;993
vanbussum.com;imap.vanbussum.com;993
ebonybarbers.com;imap.ebonybarbers.com;993
csrusa.com;imap.csrusa.com;993
ernsthouse.com;imap.ernsthouse.com;993
daum.net;imap.daum.net;993
kaytran.com;imap.kaytran.com;993
sticcc.com;imap.sticcc.com;993
americaforward.com;imap.americaforward.com;993
ridingerfinancial.com;imap.ridingerfinancial.com;993
26.ru;imap.26.ru;993
conceptmill.com;imap.conceptmill.com;993
theexceptionalhometeam.com;imap.theexceptionalhometeam.com;993
seashell-collector.com;imap.seashell-collector.com;993
absolutelylive.net;imap.absolutelylive.net;993
trubend.com;imap.trubend.com;993
huhuh.se;imap.huhuh.se;993
mi-connection.com;imap.mi-connection.com;993
lightlink.com;imap.lightlink.com;993
tapimovil.com;imap.tapimovil.com;993
homesolutions2.com;imap.homesolutions2.com;993
integr8design.com;imap.integr8design.com;993
bloompackaging.com;imap.bloompackaging.com;993
hstudio.it;imap.hstudio.it;993
quipo.it;imap.quipo.it;993
jtaylorcreative.com;imap.jtaylorcreative.com;993
kiwi-fibre.fr;imap.kiwi-fibre.fr;993
doctorphoenix.com;imap.doctorphoenix.com;993
ridihalgh.com;imap.ridihalgh.com;993
alexandersabilities.com;imap.alexandersabilities.com;993
venturapetroleo.com;imap.venturapetroleo.com;993
remsearch.com;imap.remsearch.com;993
mymts.net;imap.mymts.net;993
cascadeinform.com;imap.cascadeinform.com;993
nisse567.com;imap.nisse567.com;993
bbtow.net;imap.bbtow.net;993
jeffersonbarton.com;imap.jeffersonbarton.com;993
ipnet.ua;imap.ipnet.ua;993
houseofsynergy.dk;imap.houseofsynergy.dk;993
diablo2friend.de;imap.diablo2friend.de;993
vodafone.pt;imap.vodafone.pt;993
atlas.sk;imap.atlas.sk;993
sgrustfrit.dk;imap.sgrustfrit.dk;993
janneboenes.no;imap.janneboenes.no;993
luukku.com;imap.luukku.com;993
jeanetteoxlund.dk;imap.jeanetteoxlund.dk;993
picanoc.ca;imap.picanoc.ca;993
unica.it;imap.unica.it;993
blankenboat.com;imap.blankenboat.com;993
eikedalen.com;imap.eikedalen.com;993
pielemeier.com;imap.pielemeier.com;993
wavestyler.com;imap.wavestyler.com;993
irwinins.com;imap.irwinins.com;993
getkelley.com;imap.getkelley.com;993
idealclassicauto.com;imap.idealclassicauto.com;993
stafag.ch;imap.stafag.ch;993
parsa.se;imap.parsa.se;993
cs.com;imap.cs.com;993
chesnet.net;imap.chesnet.net;993
cn.ru;imap.cn.ru;993
merlionjewels.com;imap.merlionjewels.com;993
demandbenefits.com;imap.demandbenefits.com;993
mail2000.ru;imap.mail2000.ru;993
qlp.se;imap.qlp.se;993
majestix.org;imap.majestix.org;993
theparagoncollection.com;imap.theparagoncollection.com;993
beknow.it;imap.beknow.it;993
wedeking.at;imap.wedeking.at;993
europak.sk;imap.europak.sk;993
ojooo.com;imap.ojooo.com;993
exacthomeproperties.com;imap.exacthomeproperties.com;993
navalconsortium.it;imap.navalconsortium.it;993
ballin.me;imap.ballin.me;993
s-lamerica.com;imap.s-lamerica.com;993
beechcreekag.com;imap.beechcreekag.com;993
turnkeylogicinc.com;imap.turnkeylogicinc.com;993
drgilman.com;imap.drgilman.com;993
celticconcretewa.com;imap.celticconcretewa.com;993
sohu.com;imap.sohu.com;993
lancasterbail.com;imap.lancasterbail.com;993
optonline.net;mail.optonline.net;993
roadrunner.com;mail.twc.com;993